company_name,sample_job_title,last_posted,source_keyword,pracuj_profile,linkedin_company,linkedin_contact_1_IT_Manager,linkedin_contact_2_Operations_Manager
CUK Ubezpieczenia,Specjalista / Specjalistka ds. Automatyzacji Procesów Biznesowych,2026-03-28,automatyzacja procesów biznesowych,https://pracodawcy.pracuj.pl/company/18799577,https://www.linkedin.com/search/results/companies/?keywords=CUK%20Ubezpieczenia,https://www.linkedin.com/search/results/people/?keywords=IT%20Manager%20CUK%20Ubezpieczenia,https://www.linkedin.com/search/results/people/?keywords=Operations%20Manager%20CUK%20Ubezpieczenia
AIB S.A,Specjalista/ka ds. automatyzacji AI (OpenClaw),2026-03-28,automatyzacja procesów biznesowych,https://pracodawcy.pracuj.pl/company/20159978,https://www.linkedin.com/search/results/companies/?keywords=AIB%20S.A,https://www.linkedin.com/search/results/people/?keywords=IT%20Manager%20AIB%20S.A,https://www.linkedin.com/search/results/people/?keywords=Operations%20Manager%20AIB%20S.A
B2B.NET S.A.,Analityk Systemowy / Analityczka Systemowa,2026-03-28,automatyzacja procesów biznesowych,https://pracodawcy.pracuj.pl/company/20424689,https://www.linkedin.com/search/results/companies/?keywords=B2B.NET%20S.A.,https://www.linkedin.com/search/results/people/?keywords=IT%20Manager%20B2B.NET%20S.A.,https://www.linkedin.com/search/results/people/?keywords=Operations%20Manager%20B2B.NET%20S.A.
Develocraft sp. z o.o.,Senior RPA Engineer,2026-03-28,RPA,https://pracodawcy.pracuj.pl/company/20385948,https://www.linkedin.com/search/results/companies/?keywords=Develocraft%20sp.%20z%20o.o.,https://www.linkedin.com/search/results/people/?keywords=IT%20Manager%20Develocraft%20sp.%20z%20o.o.,https://www.linkedin.com/search/results/people/?keywords=Operations%20Manager%20Develocraft%20sp.%20z%20o.o.
Capgemini Polska,RPA Developer (Blue Prism),2026-03-28,RPA,https://pracodawcy.pracuj.pl/company/18804842,https://www.linkedin.com/search/results/companies/?keywords=Capgemini%20Polska,https://www.linkedin.com/search/results/people/?keywords=IT%20Manager%20Capgemini%20Polska,https://www.linkedin.com/search/results/people/?keywords=Operations%20Manager%20Capgemini%20Polska
Media Expert,Specjalista ds. Optymalizacji Procesów w Pionie Finansów (k/m),2026-03-28,RPA,https://pracodawcy.pracuj.pl/company/18802262,https://www.linkedin.com/search/results/companies/?keywords=Media%20Expert,https://www.linkedin.com/search/results/people/?keywords=IT%20Manager%20Media%20Expert,https://www.linkedin.com/search/results/people/?keywords=Operations%20Manager%20Media%20Expert
Accenture Strategy & Consulting,Digital Finance Transformation - Record-to-Report Manager (ICH Europe),2026-03-28,RPA,https://pracodawcy.pracuj.pl/company/20215729,https://www.linkedin.com/search/results/companies/?keywords=Accenture%20Strategy%20%26%20Consulting,https://www.linkedin.com/search/results/people/?keywords=IT%20Manager%20Accenture%20Strategy%20%26%20Consulting,https://www.linkedin.com/search/results/people/?keywords=Operations%20Manager%20Accenture%20Strategy%20%26%20Consulting
Scalo Sp. z o.o.,IT Business Process Analyst,2026-03-28,RPA,https://pracodawcy.pracuj.pl/company/20048614,https://www.linkedin.com/search/results/companies/?keywords=Scalo%20Sp.%20z%20o.o.,https://www.linkedin.com/search/results/people/?keywords=IT%20Manager%20Scalo%20Sp.%20z%20o.o.,https://www.linkedin.com/search/results/people/?keywords=Operations%20Manager%20Scalo%20Sp.%20z%20o.o.
Arval Service Lease,Projects Coordinator & Transformation Specialist,2026-03-28,RPA,https://pracodawcy.pracuj.pl/company/1074199374,https://www.linkedin.com/search/results/companies/?keywords=Arval%20Service%20Lease,https://www.linkedin.com/search/results/people/?keywords=IT%20Manager%20Arval%20Service%20Lease,https://www.linkedin.com/search/results/people/?keywords=Operations%20Manager%20Arval%20Service%20Lease
NASK,Analityk/czka procesowy/a,2026-03-28,RPA,https://pracodawcy.pracuj.pl/company/20011564,https://www.linkedin.com/search/results/companies/?keywords=NASK,https://www.linkedin.com/search/results/people/?keywords=IT%20Manager%20NASK,https://www.linkedin.com/search/results/people/?keywords=Operations%20Manager%20NASK
Allegro,Junior Automation Engineer - e-Xperience Program Associate,2026-03-28,RPA,https://pracodawcy.pracuj.pl/company/20082208,https://www.linkedin.com/search/results/companies/?keywords=Allegro,https://www.linkedin.com/search/results/people/?keywords=IT%20Manager%20Allegro,https://www.linkedin.com/search/results/people/?keywords=Operations%20Manager%20Allegro
Integer Group Services Sp. z o.o,Process Specialist,2026-03-28,RPA,https://pracodawcy.pracuj.pl/company/20310170,https://www.linkedin.com/search/results/companies/?keywords=Integer%20Group%20Services%20Sp.%20z%20o.o,https://www.linkedin.com/search/results/people/?keywords=IT%20Manager%20Integer%20Group%20Services%20Sp.%20z%20o.o,https://www.linkedin.com/search/results/people/?keywords=Operations%20Manager%20Integer%20Group%20Services%20Sp.%20z%20o.o
Mindbox Sp. z o.o.,Power BI / Data Visualization Specialist,2026-03-28,Power Automate,https://pracodawcy.pracuj.pl/company/1074221283,https://www.linkedin.com/search/results/companies/?keywords=Mindbox%20Sp.%20z%20o.o.,https://www.linkedin.com/search/results/people/?keywords=IT%20Manager%20Mindbox%20Sp.%20z%20o.o.,https://www.linkedin.com/search/results/people/?keywords=Operations%20Manager%20Mindbox%20Sp.%20z%20o.o.
MAN Shared Services Center sp. z o.o.,Accounting Specialist for Financial Reporting ​(f/m/x),2026-03-28,Power Automate,https://pracodawcy.pracuj.pl/company/18800724,https://www.linkedin.com/search/results/companies/?keywords=MAN%20Shared%20Services%20Center%20sp.%20z%20o.o.,https://www.linkedin.com/search/results/people/?keywords=IT%20Manager%20MAN%20Shared%20Services%20Center%20sp.%20z%20o.o.,https://www.linkedin.com/search/results/people/?keywords=Operations%20Manager%20MAN%20Shared%20Services%20Center%20sp.%20z%20o.o.
Cyclad,Dynamics 365 CRM Developer,2026-03-28,Power Automate,https://pracodawcy.pracuj.pl/company/20005890,https://www.linkedin.com/search/results/companies/?keywords=Cyclad,https://www.linkedin.com/search/results/people/?keywords=IT%20Manager%20Cyclad,https://www.linkedin.com/search/results/people/?keywords=Operations%20Manager%20Cyclad
Intelligent Logistic Solutions Sp. z o.o.,Senior Wintel Engineer,2026-03-28,Power Automate,https://pracodawcy.pracuj.pl/company/20134223,https://www.linkedin.com/search/results/companies/?keywords=Intelligent%20Logistic%20Solutions%20Sp.%20z%20o.o.,https://www.linkedin.com/search/results/people/?keywords=IT%20Manager%20Intelligent%20Logistic%20Solutions%20Sp.%20z%20o.o.,https://www.linkedin.com/search/results/people/?keywords=Operations%20Manager%20Intelligent%20Logistic%20Solutions%20Sp.%20z%20o.o.
Simon-Kucher Core Business Services Sp. z o. o.,Senior AI Engineer,2026-03-28,Power Automate,https://pracodawcy.pracuj.pl/company/1074130706,https://www.linkedin.com/search/results/companies/?keywords=Simon-Kucher%20Core%20Business%20Services%20Sp.%20z%20o.%20o.,https://www.linkedin.com/search/results/people/?keywords=IT%20Manager%20Simon-Kucher%20Core%20Business%20Services%20Sp.%20z%20o.%20o.,https://www.linkedin.com/search/results/people/?keywords=Operations%20Manager%20Simon-Kucher%20Core%20Business%20Services%20Sp.%20z%20o.%20o.
Mars Polska sp. z o.o.,Junior Business Intelligence Engineer (f/m/x) | Mars Young Professionals Program | Royal Canin,2026-03-28,Power Automate,https://pracodawcy.pracuj.pl/company/20392837,https://www.linkedin.com/search/results/companies/?keywords=Mars%20Polska%20sp.%20z%20o.o.,https://www.linkedin.com/search/results/people/?keywords=IT%20Manager%20Mars%20Polska%20sp.%20z%20o.o.,https://www.linkedin.com/search/results/people/?keywords=Operations%20Manager%20Mars%20Polska%20sp.%20z%20o.o.
UPVANTA SPÓŁKA Z OGRANICZONĄ ODPOWIEDZIALNOŚCIĄ,Konsultant Microsoft 365 Copilot / Copilot Studio (Mid) (m/k/n),2026-03-28,Power Automate,https://pracodawcy.pracuj.pl/company/1074103426,https://www.linkedin.com/search/results/companies/?keywords=UPVANTA%20SP%C3%93%C5%81KA%20Z%20OGRANICZON%C4%84%20ODPOWIEDZIALNO%C5%9ACI%C4%84,https://www.linkedin.com/search/results/people/?keywords=IT%20Manager%20UPVANTA%20SP%C3%93%C5%81KA%20Z%20OGRANICZON%C4%84%20ODPOWIEDZIALNO%C5%9ACI%C4%84,https://www.linkedin.com/search/results/people/?keywords=Operations%20Manager%20UPVANTA%20SP%C3%93%C5%81KA%20Z%20OGRANICZON%C4%84%20ODPOWIEDZIALNO%C5%9ACI%C4%84
PHD Media Direction Sp. Z o.o.,Digital Media Analyst,2026-03-28,Power Automate,https://pracodawcy.pracuj.pl/company/20110788,https://www.linkedin.com/search/results/companies/?keywords=PHD%20Media%20Direction%20Sp.%20Z%20o.o.,https://www.linkedin.com/search/results/people/?keywords=IT%20Manager%20PHD%20Media%20Direction%20Sp.%20Z%20o.o.,https://www.linkedin.com/search/results/people/?keywords=Operations%20Manager%20PHD%20Media%20Direction%20Sp.%20Z%20o.o.
Synerise S.A.,Data Analyst,2026-03-28,Power Automate,https://pracodawcy.pracuj.pl/company/20292744,https://www.linkedin.com/search/results/companies/?keywords=Synerise%20S.A.,https://www.linkedin.com/search/results/people/?keywords=IT%20Manager%20Synerise%20S.A.,https://www.linkedin.com/search/results/people/?keywords=Operations%20Manager%20Synerise%20S.A.
Beiersdorf Shared Services Poland,Senior Data Analyst,2026-03-28,Power Automate,https://pracodawcy.pracuj.pl/company/1074107710,https://www.linkedin.com/search/results/companies/?keywords=Beiersdorf%20Shared%20Services%20Poland,https://www.linkedin.com/search/results/people/?keywords=IT%20Manager%20Beiersdorf%20Shared%20Services%20Poland,https://www.linkedin.com/search/results/people/?keywords=Operations%20Manager%20Beiersdorf%20Shared%20Services%20Poland
VIX Automation Sp. z o.o.,Automatyk Programista HMI / SCADA (IT) (m/k),2026-03-28,automatyzacja IT,https://pracodawcy.pracuj.pl/company/18797757,https://www.linkedin.com/search/results/companies/?keywords=VIX%20Automation%20Sp.%20z%20o.o.,https://www.linkedin.com/search/results/people/?keywords=IT%20Manager%20VIX%20Automation%20Sp.%20z%20o.o.,https://www.linkedin.com/search/results/people/?keywords=Operations%20Manager%20VIX%20Automation%20Sp.%20z%20o.o.
WIPRO IT SERVICES POLAND Sp. z o.o.,Automation Engineer / Automation Architect,2026-03-28,automatyzacja IT,https://pracodawcy.pracuj.pl/company/20178161,https://www.linkedin.com/search/results/companies/?keywords=WIPRO%20IT%20SERVICES%20POLAND%20Sp.%20z%20o.o.,https://www.linkedin.com/search/results/people/?keywords=IT%20Manager%20WIPRO%20IT%20SERVICES%20POLAND%20Sp.%20z%20o.o.,https://www.linkedin.com/search/results/people/?keywords=Operations%20Manager%20WIPRO%20IT%20SERVICES%20POLAND%20Sp.%20z%20o.o.
Elmark Automatyka S.A.,Młodszy Administrator / Młodsza Administratorka IT,2026-03-28,automatyzacja IT,https://pracodawcy.pracuj.pl/company/20006901,https://www.linkedin.com/search/results/companies/?keywords=Elmark%20Automatyka%20S.A.,https://www.linkedin.com/search/results/people/?keywords=IT%20Manager%20Elmark%20Automatyka%20S.A.,https://www.linkedin.com/search/results/people/?keywords=Operations%20Manager%20Elmark%20Automatyka%20S.A.
NESS SOLUTION sp. z o.o.,Architektka / Architekt GIS (Systemy GIS / Integracja z EAM),2026-03-28,integracja systemów,https://pracodawcy.pracuj.pl/company/1074051922,https://www.linkedin.com/search/results/companies/?keywords=NESS%20SOLUTION%20sp.%20z%20o.o.,https://www.linkedin.com/search/results/people/?keywords=IT%20Manager%20NESS%20SOLUTION%20sp.%20z%20o.o.,https://www.linkedin.com/search/results/people/?keywords=Operations%20Manager%20NESS%20SOLUTION%20sp.%20z%20o.o.
ITEAMLY SPÓŁKA Z OGRANICZONĄ ODPOWIEDZIALNOŚCIĄ,Lead Node.js Engineer,2026-03-28,integracja systemów,https://pracodawcy.pracuj.pl/company/1074164809,https://www.linkedin.com/search/results/companies/?keywords=ITEAMLY%20SP%C3%93%C5%81KA%20Z%20OGRANICZON%C4%84%20ODPOWIEDZIALNO%C5%9ACI%C4%84,https://www.linkedin.com/search/results/people/?keywords=IT%20Manager%20ITEAMLY%20SP%C3%93%C5%81KA%20Z%20OGRANICZON%C4%84%20ODPOWIEDZIALNO%C5%9ACI%C4%84,https://www.linkedin.com/search/results/people/?keywords=Operations%20Manager%20ITEAMLY%20SP%C3%93%C5%81KA%20Z%20OGRANICZON%C4%84%20ODPOWIEDZIALNO%C5%9ACI%C4%84
Uniforce,Asystent / Asystentka Działu Handlowego,2026-03-28,integracja systemów,https://pracodawcy.pracuj.pl/company/1074023541,https://www.linkedin.com/search/results/companies/?keywords=Uniforce,https://www.linkedin.com/search/results/people/?keywords=IT%20Manager%20Uniforce,https://www.linkedin.com/search/results/people/?keywords=Operations%20Manager%20Uniforce
PwC,Senior Workday Integration Consultant,2026-03-28,integracja systemów,https://pracodawcy.pracuj.pl/company/18802701,https://www.linkedin.com/search/results/companies/?keywords=PwC,https://www.linkedin.com/search/results/people/?keywords=IT%20Manager%20PwC,https://www.linkedin.com/search/results/people/?keywords=Operations%20Manager%20PwC
VOSS Automotive Polska Sp. z o.o.,Konsultant ds. rozwiązań SAP SuccessFactors (K/M/N),2026-03-28,SAP,https://pracodawcy.pracuj.pl/company/20000204,https://www.linkedin.com/search/results/companies/?keywords=VOSS%20Automotive%20Polska%20Sp.%20z%20o.o.,https://www.linkedin.com/search/results/people/?keywords=IT%20Manager%20VOSS%20Automotive%20Polska%20Sp.%20z%20o.o.,https://www.linkedin.com/search/results/people/?keywords=Operations%20Manager%20VOSS%20Automotive%20Polska%20Sp.%20z%20o.o.
Danish Crown GBS Sp. z o.o. .,SAP Analytics Cloud (SAC) BI Developer,2026-03-28,SAP,https://pracodawcy.pracuj.pl/company/20395417,https://www.linkedin.com/search/results/companies/?keywords=Danish%20Crown%20GBS%20Sp.%20z%20o.o.%20.,https://www.linkedin.com/search/results/people/?keywords=IT%20Manager%20Danish%20Crown%20GBS%20Sp.%20z%20o.o.%20.,https://www.linkedin.com/search/results/people/?keywords=Operations%20Manager%20Danish%20Crown%20GBS%20Sp.%20z%20o.o.%20.
MAN Trucks Sp. z o.o.,SAP Specialist Procurement (m/f/d),2026-03-28,SAP,https://pracodawcy.pracuj.pl/company/18797661,https://www.linkedin.com/search/results/companies/?keywords=MAN%20Trucks%20Sp.%20z%20o.o.,https://www.linkedin.com/search/results/people/?keywords=IT%20Manager%20MAN%20Trucks%20Sp.%20z%20o.o.,https://www.linkedin.com/search/results/people/?keywords=Operations%20Manager%20MAN%20Trucks%20Sp.%20z%20o.o.
METRO Global Solution Center sp. z o.o.,Master Data Governance for Finance Process Expert (SAP S/4HANA),2026-03-28,SAP,https://pracodawcy.pracuj.pl/company/20101449,https://www.linkedin.com/search/results/companies/?keywords=METRO%20Global%20Solution%20Center%20sp.%20z%20o.o.,https://www.linkedin.com/search/results/people/?keywords=IT%20Manager%20METRO%20Global%20Solution%20Center%20sp.%20z%20o.o.,https://www.linkedin.com/search/results/people/?keywords=Operations%20Manager%20METRO%20Global%20Solution%20Center%20sp.%20z%20o.o.
ITDS Polska Sp. z o.o.,SAP IS-U Billing Analyst,2026-03-28,SAP,https://pracodawcy.pracuj.pl/company/20270956,https://www.linkedin.com/search/results/companies/?keywords=ITDS%20Polska%20Sp.%20z%20o.o.,https://www.linkedin.com/search/results/people/?keywords=IT%20Manager%20ITDS%20Polska%20Sp.%20z%20o.o.,https://www.linkedin.com/search/results/people/?keywords=Operations%20Manager%20ITDS%20Polska%20Sp.%20z%20o.o.
NESC sp. z o.o.,Regular SAP FICO Consultant,2026-03-28,SAP,https://pracodawcy.pracuj.pl/company/20299048,https://www.linkedin.com/search/results/companies/?keywords=NESC%20sp.%20z%20o.o.,https://www.linkedin.com/search/results/people/?keywords=IT%20Manager%20NESC%20sp.%20z%20o.o.,https://www.linkedin.com/search/results/people/?keywords=Operations%20Manager%20NESC%20sp.%20z%20o.o.
Convista Poland,Staż SAP Developer,2026-03-28,SAP,https://pracodawcy.pracuj.pl/company/1074019482,https://www.linkedin.com/search/results/companies/?keywords=Convista%20Poland,https://www.linkedin.com/search/results/people/?keywords=IT%20Manager%20Convista%20Poland,https://www.linkedin.com/search/results/people/?keywords=Operations%20Manager%20Convista%20Poland
YOUR ITEAMS sp. z o.o.,SAP ABAP/RAP Developer,2026-03-28,SAP,https://pracodawcy.pracuj.pl/company/1074122129,https://www.linkedin.com/search/results/companies/?keywords=YOUR%20ITEAMS%20sp.%20z%20o.o.,https://www.linkedin.com/search/results/people/?keywords=IT%20Manager%20YOUR%20ITEAMS%20sp.%20z%20o.o.,https://www.linkedin.com/search/results/people/?keywords=Operations%20Manager%20YOUR%20ITEAMS%20sp.%20z%20o.o.
Atotech Poland Sp. z o.o.,Business Systems Consultant – SAP SCM,2026-03-28,SAP,https://pracodawcy.pracuj.pl/company/20008514,https://www.linkedin.com/search/results/companies/?keywords=Atotech%20Poland%20Sp.%20z%20o.o.,https://www.linkedin.com/search/results/people/?keywords=IT%20Manager%20Atotech%20Poland%20Sp.%20z%20o.o.,https://www.linkedin.com/search/results/people/?keywords=Operations%20Manager%20Atotech%20Poland%20Sp.%20z%20o.o.
Robert Bosch Sp. z o.o.,SAP PI/CPI Developer (f/m),2026-03-28,SAP,https://pracodawcy.pracuj.pl/company/15713211,https://www.linkedin.com/search/results/companies/?keywords=Robert%20Bosch%20Sp.%20z%20o.o.,https://www.linkedin.com/search/results/people/?keywords=IT%20Manager%20Robert%20Bosch%20Sp.%20z%20o.o.,https://www.linkedin.com/search/results/people/?keywords=Operations%20Manager%20Robert%20Bosch%20Sp.%20z%20o.o.
TAURON Obsługa Klienta sp. z o.o.,Konsultant / Konsultantka ds. SAP (moduł HR),2026-03-28,SAP,https://pracodawcy.pracuj.pl/company/20004382,https://www.linkedin.com/search/results/companies/?keywords=TAURON%20Obs%C5%82uga%20Klienta%20sp.%20z%20o.o.,https://www.linkedin.com/search/results/people/?keywords=IT%20Manager%20TAURON%20Obs%C5%82uga%20Klienta%20sp.%20z%20o.o.,https://www.linkedin.com/search/results/people/?keywords=Operations%20Manager%20TAURON%20Obs%C5%82uga%20Klienta%20sp.%20z%20o.o.
VESLOG Group Sp. z o.o.,Senior SAP Extended Warehouse Management (EWM) Consultant,2026-03-28,SAP,https://pracodawcy.pracuj.pl/company/1074023916,https://www.linkedin.com/search/results/companies/?keywords=VESLOG%20Group%20Sp.%20z%20o.o.,https://www.linkedin.com/search/results/people/?keywords=IT%20Manager%20VESLOG%20Group%20Sp.%20z%20o.o.,https://www.linkedin.com/search/results/people/?keywords=Operations%20Manager%20VESLOG%20Group%20Sp.%20z%20o.o.
HORIZON-AUTOMATION Sp. z o.o. Sp. k.,Inżynier Automatyk ds. Wdrożeń PLC (K/M),2026-03-28,wdrożenie automatyzacji,https://pracodawcy.pracuj.pl/company/1074000052,https://www.linkedin.com/search/results/companies/?keywords=HORIZON-AUTOMATION%20Sp.%20z%20o.o.%20Sp.%20k.,https://www.linkedin.com/search/results/people/?keywords=IT%20Manager%20HORIZON-AUTOMATION%20Sp.%20z%20o.o.%20Sp.%20k.,https://www.linkedin.com/search/results/people/?keywords=Operations%20Manager%20HORIZON-AUTOMATION%20Sp.%20z%20o.o.%20Sp.%20k.
Vector Synergy Sp. z o. o.,Programista Automatyzacji Systemowych (RPA),2026-03-27,automatyzacja procesów biznesowych,https://pracodawcy.pracuj.pl/company/20140254,https://www.linkedin.com/search/results/companies/?keywords=Vector%20Synergy%20Sp.%20z%20o.%20o.,https://www.linkedin.com/search/results/people/?keywords=IT%20Manager%20Vector%20Synergy%20Sp.%20z%20o.%20o.,https://www.linkedin.com/search/results/people/?keywords=Operations%20Manager%20Vector%20Synergy%20Sp.%20z%20o.%20o.
KPMG,Senior Business Analyst (Process Transformation & Automation) - Tax Technology,2026-03-27,automatyzacja procesów biznesowych,https://pracodawcy.pracuj.pl/company/37,https://www.linkedin.com/search/results/companies/?keywords=KPMG,https://www.linkedin.com/search/results/people/?keywords=IT%20Manager%20KPMG,https://www.linkedin.com/search/results/people/?keywords=Operations%20Manager%20KPMG
UNIQA,Specjalistka/Specjalista ds. Inteligentnych Automatyzacji​,2026-03-27,automatyzacja procesów biznesowych,https://pracodawcy.pracuj.pl/company/20002512,https://www.linkedin.com/search/results/companies/?keywords=UNIQA,https://www.linkedin.com/search/results/people/?keywords=IT%20Manager%20UNIQA,https://www.linkedin.com/search/results/people/?keywords=Operations%20Manager%20UNIQA
ENEA Centrum Sp. z o.o.,Starszy Specjalista ds. Automatyzacji i Robotyzacji (M/K),2026-03-27,RPA,https://pracodawcy.pracuj.pl/company/20193409,https://www.linkedin.com/search/results/companies/?keywords=ENEA%20Centrum%20Sp.%20z%20o.o.,https://www.linkedin.com/search/results/people/?keywords=IT%20Manager%20ENEA%20Centrum%20Sp.%20z%20o.o.,https://www.linkedin.com/search/results/people/?keywords=Operations%20Manager%20ENEA%20Centrum%20Sp.%20z%20o.o.
PSE INNOWACJE SP Z O O,Senior Backend Developer | Sharepoint Developer (m/k),2026-03-27,RPA,https://pracodawcy.pracuj.pl/company/20247292,https://www.linkedin.com/search/results/companies/?keywords=PSE%20INNOWACJE%20SP%20Z%20O%20O,https://www.linkedin.com/search/results/people/?keywords=IT%20Manager%20PSE%20INNOWACJE%20SP%20Z%20O%20O,https://www.linkedin.com/search/results/people/?keywords=Operations%20Manager%20PSE%20INNOWACJE%20SP%20Z%20O%20O
PGE Energetyka Kolejowa Centrum Usług Wspólnych Sp. z o.o.,Dyrektorka / Dyrektor Biura Finansowo Księgowego,2026-03-27,RPA,https://pracodawcy.pracuj.pl/company/20301878,https://www.linkedin.com/search/results/companies/?keywords=PGE%20Energetyka%20Kolejowa%20Centrum%20Us%C5%82ug%20Wsp%C3%B3lnych%20Sp.%20z%20o.o.,https://www.linkedin.com/search/results/people/?keywords=IT%20Manager%20PGE%20Energetyka%20Kolejowa%20Centrum%20Us%C5%82ug%20Wsp%C3%B3lnych%20Sp.%20z%20o.o.,https://www.linkedin.com/search/results/people/?keywords=Operations%20Manager%20PGE%20Energetyka%20Kolejowa%20Centrum%20Us%C5%82ug%20Wsp%C3%B3lnych%20Sp.%20z%20o.o.
GGS IT Consulting,IT Junior Support Team Leader,2026-03-27,RPA,https://pracodawcy.pracuj.pl/company/20398357,https://www.linkedin.com/search/results/companies/?keywords=GGS%20IT%20Consulting,https://www.linkedin.com/search/results/people/?keywords=IT%20Manager%20GGS%20IT%20Consulting,https://www.linkedin.com/search/results/people/?keywords=Operations%20Manager%20GGS%20IT%20Consulting
NATEK POLAND,Power Platform Developer,2026-03-27,Power Automate,https://pracodawcy.pracuj.pl/company/20002666,https://www.linkedin.com/search/results/companies/?keywords=NATEK%20POLAND,https://www.linkedin.com/search/results/people/?keywords=IT%20Manager%20NATEK%20POLAND,https://www.linkedin.com/search/results/people/?keywords=Operations%20Manager%20NATEK%20POLAND
FINTURE Sp. z o.o.,Programista / Programistka Power Platform,2026-03-27,Power Automate,https://pracodawcy.pracuj.pl/company/1074013649,https://www.linkedin.com/search/results/companies/?keywords=FINTURE%20Sp.%20z%20o.o.,https://www.linkedin.com/search/results/people/?keywords=IT%20Manager%20FINTURE%20Sp.%20z%20o.o.,https://www.linkedin.com/search/results/people/?keywords=Operations%20Manager%20FINTURE%20Sp.%20z%20o.o.
STATE STREET BANK INTERNATIONAL GMBH,Senior Depositary Analyst,2026-03-27,Power Automate,https://pracodawcy.pracuj.pl/company/20185711,https://www.linkedin.com/search/results/companies/?keywords=STATE%20STREET%20BANK%20INTERNATIONAL%20GMBH,https://www.linkedin.com/search/results/people/?keywords=IT%20Manager%20STATE%20STREET%20BANK%20INTERNATIONAL%20GMBH,https://www.linkedin.com/search/results/people/?keywords=Operations%20Manager%20STATE%20STREET%20BANK%20INTERNATIONAL%20GMBH
CLOUDFIDE SPÓŁKA Z OGRANICZONĄ ODPOWIEDZIALNOŚCIĄ,Backend Developer,2026-03-27,Power Automate,https://pracodawcy.pracuj.pl/company/1074117297,https://www.linkedin.com/search/results/companies/?keywords=CLOUDFIDE%20SP%C3%93%C5%81KA%20Z%20OGRANICZON%C4%84%20ODPOWIEDZIALNO%C5%9ACI%C4%84,https://www.linkedin.com/search/results/people/?keywords=IT%20Manager%20CLOUDFIDE%20SP%C3%93%C5%81KA%20Z%20OGRANICZON%C4%84%20ODPOWIEDZIALNO%C5%9ACI%C4%84,https://www.linkedin.com/search/results/people/?keywords=Operations%20Manager%20CLOUDFIDE%20SP%C3%93%C5%81KA%20Z%20OGRANICZON%C4%84%20ODPOWIEDZIALNO%C5%9ACI%C4%84
Arbiter S.A.,Microsoft Automation Specialist,2026-03-27,Power Automate,https://pracodawcy.pracuj.pl/company/20061839,https://www.linkedin.com/search/results/companies/?keywords=Arbiter%20S.A.,https://www.linkedin.com/search/results/people/?keywords=IT%20Manager%20Arbiter%20S.A.,https://www.linkedin.com/search/results/people/?keywords=Operations%20Manager%20Arbiter%20S.A.
Super-Pharm,Specjalista Helpdesku IT (k/m),2026-03-27,Power Automate,https://pracodawcy.pracuj.pl/company/20410068,https://www.linkedin.com/search/results/companies/?keywords=Super-Pharm,https://www.linkedin.com/search/results/people/?keywords=IT%20Manager%20Super-Pharm,https://www.linkedin.com/search/results/people/?keywords=Operations%20Manager%20Super-Pharm
SQUARE ONE RESOURCES sp. z o.o.,CRM Specialist with German,2026-03-27,Power Automate,https://pracodawcy.pracuj.pl/company/20409928,https://www.linkedin.com/search/results/companies/?keywords=SQUARE%20ONE%20RESOURCES%20sp.%20z%20o.o.,https://www.linkedin.com/search/results/people/?keywords=IT%20Manager%20SQUARE%20ONE%20RESOURCES%20sp.%20z%20o.o.,https://www.linkedin.com/search/results/people/?keywords=Operations%20Manager%20SQUARE%20ONE%20RESOURCES%20sp.%20z%20o.o.
NIVEA Polska Sp. z o.o.,Sales Controller,2026-03-27,Power Automate,https://pracodawcy.pracuj.pl/company/20014412,https://www.linkedin.com/search/results/companies/?keywords=NIVEA%20Polska%20Sp.%20z%20o.o.,https://www.linkedin.com/search/results/people/?keywords=IT%20Manager%20NIVEA%20Polska%20Sp.%20z%20o.o.,https://www.linkedin.com/search/results/people/?keywords=Operations%20Manager%20NIVEA%20Polska%20Sp.%20z%20o.o.
Paso-Trading Sp. z o.o.,Administrator / Administratorka systemu ERP Comarch XL - Optima,2026-03-27,Power Automate,https://pracodawcy.pracuj.pl/company/20021047,https://www.linkedin.com/search/results/companies/?keywords=Paso-Trading%20Sp.%20z%20o.o.,https://www.linkedin.com/search/results/people/?keywords=IT%20Manager%20Paso-Trading%20Sp.%20z%20o.o.,https://www.linkedin.com/search/results/people/?keywords=Operations%20Manager%20Paso-Trading%20Sp.%20z%20o.o.
DPD Polska,Administrator / Administratorka Systemów Chmurowych,2026-03-27,Power Automate,https://pracodawcy.pracuj.pl/company/480,https://www.linkedin.com/search/results/companies/?keywords=DPD%20Polska,https://www.linkedin.com/search/results/people/?keywords=IT%20Manager%20DPD%20Polska,https://www.linkedin.com/search/results/people/?keywords=Operations%20Manager%20DPD%20Polska
Kyndryl Global Service Delivery Center Sp. z o.o.,Mainframe System Automation – Senior SME,2026-03-27,automatyzacja IT,https://pracodawcy.pracuj.pl/company/1074072556,https://www.linkedin.com/search/results/companies/?keywords=Kyndryl%20Global%20Service%20Delivery%20Center%20Sp.%20z%20o.o.,https://www.linkedin.com/search/results/people/?keywords=IT%20Manager%20Kyndryl%20Global%20Service%20Delivery%20Center%20Sp.%20z%20o.o.,https://www.linkedin.com/search/results/people/?keywords=Operations%20Manager%20Kyndryl%20Global%20Service%20Delivery%20Center%20Sp.%20z%20o.o.
DIVERSE,Marketing Automation Specialist,2026-03-27,automatyzacja IT,https://pracodawcy.pracuj.pl/company/9649080,https://www.linkedin.com/search/results/companies/?keywords=DIVERSE,https://www.linkedin.com/search/results/people/?keywords=IT%20Manager%20DIVERSE,https://www.linkedin.com/search/results/people/?keywords=Operations%20Manager%20DIVERSE
Citronex I Sp. z o.o.,Specjalista IT,2026-03-27,automatyzacja IT,https://pracodawcy.pracuj.pl/company/18803125,https://www.linkedin.com/search/results/companies/?keywords=Citronex%20I%20Sp.%20z%20o.o.,https://www.linkedin.com/search/results/people/?keywords=IT%20Manager%20Citronex%20I%20Sp.%20z%20o.o.,https://www.linkedin.com/search/results/people/?keywords=Operations%20Manager%20Citronex%20I%20Sp.%20z%20o.o.
C&F,Senior Manufacturing Data Integration Analyst (OT/IT),2026-03-27,automatyzacja IT,https://pracodawcy.pracuj.pl/company/20055623,https://www.linkedin.com/search/results/companies/?keywords=C%26F,https://www.linkedin.com/search/results/people/?keywords=IT%20Manager%20C%26F,https://www.linkedin.com/search/results/people/?keywords=Operations%20Manager%20C%26F
KK Group Poland Spółka z o.o.,Automation Engineer - SCADA Systems M/F,2026-03-27,automatyzacja IT,https://pracodawcy.pracuj.pl/company/20000437,https://www.linkedin.com/search/results/companies/?keywords=KK%20Group%20Poland%20Sp%C3%B3%C5%82ka%20z%20o.o.,https://www.linkedin.com/search/results/people/?keywords=IT%20Manager%20KK%20Group%20Poland%20Sp%C3%B3%C5%82ka%20z%20o.o.,https://www.linkedin.com/search/results/people/?keywords=Operations%20Manager%20KK%20Group%20Poland%20Sp%C3%B3%C5%82ka%20z%20o.o.
Scania Polska S.A.,Specjalista ds. Automatyzacji Procesów Serwisowych (k/m/d),2026-03-27,automatyzacja IT,https://pracodawcy.pracuj.pl/company/18797454,https://www.linkedin.com/search/results/companies/?keywords=Scania%20Polska%20S.A.,https://www.linkedin.com/search/results/people/?keywords=IT%20Manager%20Scania%20Polska%20S.A.,https://www.linkedin.com/search/results/people/?keywords=Operations%20Manager%20Scania%20Polska%20S.A.
BALTIC HUB CONTAINER TERMINAL sp. z o. o.,Ekspert ds. IT / OT (k/m),2026-03-27,automatyzacja IT,https://pracodawcy.pracuj.pl/company/18802925,https://www.linkedin.com/search/results/companies/?keywords=BALTIC%20HUB%20CONTAINER%20TERMINAL%20sp.%20z%20o.%20o.,https://www.linkedin.com/search/results/people/?keywords=IT%20Manager%20BALTIC%20HUB%20CONTAINER%20TERMINAL%20sp.%20z%20o.%20o.,https://www.linkedin.com/search/results/people/?keywords=Operations%20Manager%20BALTIC%20HUB%20CONTAINER%20TERMINAL%20sp.%20z%20o.%20o.
BCF Software Sp. z o.o.,Analityk/Analityczka ds. Integracji Systemów,2026-03-27,integracja systemów,https://pracodawcy.pracuj.pl/company/20261550,https://www.linkedin.com/search/results/companies/?keywords=BCF%20Software%20Sp.%20z%20o.o.,https://www.linkedin.com/search/results/people/?keywords=IT%20Manager%20BCF%20Software%20Sp.%20z%20o.o.,https://www.linkedin.com/search/results/people/?keywords=Operations%20Manager%20BCF%20Software%20Sp.%20z%20o.o.
4IT SOLUTIONS sp. z o.o.,Programista PL/SQL ze znajomością integracji,2026-03-27,integracja systemów,https://pracodawcy.pracuj.pl/company/20391400,https://www.linkedin.com/search/results/companies/?keywords=4IT%20SOLUTIONS%20sp.%20z%20o.o.,https://www.linkedin.com/search/results/people/?keywords=IT%20Manager%204IT%20SOLUTIONS%20sp.%20z%20o.o.,https://www.linkedin.com/search/results/people/?keywords=Operations%20Manager%204IT%20SOLUTIONS%20sp.%20z%20o.o.
ORLEN S.A.,Stażysta / Stażystka w Zespole Aplikacji SAP i Integracji​,2026-03-27,integracja systemów,https://pracodawcy.pracuj.pl/company/5115738,https://www.linkedin.com/search/results/companies/?keywords=ORLEN%20S.A.,https://www.linkedin.com/search/results/people/?keywords=IT%20Manager%20ORLEN%20S.A.,https://www.linkedin.com/search/results/people/?keywords=Operations%20Manager%20ORLEN%20S.A.
DCV Technologies,SAP BRIM Consultant,2026-03-27,SAP,https://pracodawcy.pracuj.pl/company/1074227004,https://www.linkedin.com/search/results/companies/?keywords=DCV%20Technologies,https://www.linkedin.com/search/results/people/?keywords=IT%20Manager%20DCV%20Technologies,https://www.linkedin.com/search/results/people/?keywords=Operations%20Manager%20DCV%20Technologies
CMC Poland Sp. z o.o.,IT Systems Administrator – SAP Inventory (IM and WM),2026-03-27,SAP,https://pracodawcy.pracuj.pl/company/20018957,https://www.linkedin.com/search/results/companies/?keywords=CMC%20Poland%20Sp.%20z%20o.o.,https://www.linkedin.com/search/results/people/?keywords=IT%20Manager%20CMC%20Poland%20Sp.%20z%20o.o.,https://www.linkedin.com/search/results/people/?keywords=Operations%20Manager%20CMC%20Poland%20Sp.%20z%20o.o.
HALFING & PETERSEN,Specjalistka / Specjalista SAP S/4HANA,2026-03-27,SAP,https://pracodawcy.pracuj.pl/company/1074070238,https://www.linkedin.com/search/results/companies/?keywords=HALFING%20%26%20PETERSEN,https://www.linkedin.com/search/results/people/?keywords=IT%20Manager%20HALFING%20%26%20PETERSEN,https://www.linkedin.com/search/results/people/?keywords=Operations%20Manager%20HALFING%20%26%20PETERSEN
IN4GE sp. z o.o.,SAP SD Specialist,2026-03-27,SAP,https://pracodawcy.pracuj.pl/company/1074095560,https://www.linkedin.com/search/results/companies/?keywords=IN4GE%20sp.%20z%20o.o.,https://www.linkedin.com/search/results/people/?keywords=IT%20Manager%20IN4GE%20sp.%20z%20o.o.,https://www.linkedin.com/search/results/people/?keywords=Operations%20Manager%20IN4GE%20sp.%20z%20o.o.
VAILLANT GROUP BUSINESS SERVICES POLAND Sp. z o.o.,Consultant SAP PP - Manufacturing,2026-03-27,SAP,https://pracodawcy.pracuj.pl/company/1074127345,https://www.linkedin.com/search/results/companies/?keywords=VAILLANT%20GROUP%20BUSINESS%20SERVICES%20POLAND%20Sp.%20z%20o.o.,https://www.linkedin.com/search/results/people/?keywords=IT%20Manager%20VAILLANT%20GROUP%20BUSINESS%20SERVICES%20POLAND%20Sp.%20z%20o.o.,https://www.linkedin.com/search/results/people/?keywords=Operations%20Manager%20VAILLANT%20GROUP%20BUSINESS%20SERVICES%20POLAND%20Sp.%20z%20o.o.
Apleona Real Estate Sp. z o.o,Specjalista / Specjalistka ds. Master Data i weryfikacji kredytowej (SAP S/4HANA i ERP Navision) z językiem niemieckim,2026-03-27,SAP,https://pracodawcy.pracuj.pl/company/20208937,https://www.linkedin.com/search/results/companies/?keywords=Apleona%20Real%20Estate%20Sp.%20z%20o.o,https://www.linkedin.com/search/results/people/?keywords=IT%20Manager%20Apleona%20Real%20Estate%20Sp.%20z%20o.o,https://www.linkedin.com/search/results/people/?keywords=Operations%20Manager%20Apleona%20Real%20Estate%20Sp.%20z%20o.o
ERGO Technology & Services S.A.,Software Engineer (SAP SuccessFactors) | f/m/d,2026-03-27,SAP,https://pracodawcy.pracuj.pl/company/13894778,https://www.linkedin.com/search/results/companies/?keywords=ERGO%20Technology%20%26%20Services%20S.A.,https://www.linkedin.com/search/results/people/?keywords=IT%20Manager%20ERGO%20Technology%20%26%20Services%20S.A.,https://www.linkedin.com/search/results/people/?keywords=Operations%20Manager%20ERGO%20Technology%20%26%20Services%20S.A.
DT SWISS-POLSKA SP. Z O.O.,Specjalista ds. płac i systemów HR (SAP) (k/m/n),2026-03-27,SAP,https://pracodawcy.pracuj.pl/company/1074059179,https://www.linkedin.com/search/results/companies/?keywords=DT%20SWISS-POLSKA%20SP.%20Z%20O.O.,https://www.linkedin.com/search/results/people/?keywords=IT%20Manager%20DT%20SWISS-POLSKA%20SP.%20Z%20O.O.,https://www.linkedin.com/search/results/people/?keywords=Operations%20Manager%20DT%20SWISS-POLSKA%20SP.%20Z%20O.O.
Betacom S.A.,Service Delivery Manager / Project Manager – Intelligent Automation (M/K),2026-03-26,automatyzacja procesów biznesowych,https://pracodawcy.pracuj.pl/company/18797402,https://www.linkedin.com/search/results/companies/?keywords=Betacom%20S.A.,https://www.linkedin.com/search/results/people/?keywords=IT%20Manager%20Betacom%20S.A.,https://www.linkedin.com/search/results/people/?keywords=Operations%20Manager%20Betacom%20S.A.
CAPITAL SERVICE S.A.,Lider/Liderka Automatyzacji Procesów,2026-03-26,automatyzacja procesów biznesowych,https://pracodawcy.pracuj.pl/company/20101256,https://www.linkedin.com/search/results/companies/?keywords=CAPITAL%20SERVICE%20S.A.,https://www.linkedin.com/search/results/people/?keywords=IT%20Manager%20CAPITAL%20SERVICE%20S.A.,https://www.linkedin.com/search/results/people/?keywords=Operations%20Manager%20CAPITAL%20SERVICE%20S.A.
Sii Sp. z o.o.,RPA Developer z UI Path – Document Understanding (f/m/x),2026-03-26,RPA,https://pracodawcy.pracuj.pl/company/20000761,https://www.linkedin.com/search/results/companies/?keywords=Sii%20Sp.%20z%20o.o.,https://www.linkedin.com/search/results/people/?keywords=IT%20Manager%20Sii%20Sp.%20z%20o.o.,https://www.linkedin.com/search/results/people/?keywords=Operations%20Manager%20Sii%20Sp.%20z%20o.o.
Worldline,Senior RPA Developer,2026-03-26,RPA,https://pracodawcy.pracuj.pl/company/1074117180,https://www.linkedin.com/search/results/companies/?keywords=Worldline,https://www.linkedin.com/search/results/people/?keywords=IT%20Manager%20Worldline,https://www.linkedin.com/search/results/people/?keywords=Operations%20Manager%20Worldline
SGS GLOBAL BUSINESS SERVICES EUROPE SP Z O O,Finance CoE Lead,2026-03-26,RPA,https://pracodawcy.pracuj.pl/company/20309830,https://www.linkedin.com/search/results/companies/?keywords=SGS%20GLOBAL%20BUSINESS%20SERVICES%20EUROPE%20SP%20Z%20O%20O,https://www.linkedin.com/search/results/people/?keywords=IT%20Manager%20SGS%20GLOBAL%20BUSINESS%20SERVICES%20EUROPE%20SP%20Z%20O%20O,https://www.linkedin.com/search/results/people/?keywords=Operations%20Manager%20SGS%20GLOBAL%20BUSINESS%20SERVICES%20EUROPE%20SP%20Z%20O%20O
J.S. Hamilton Poland Sp. z o.o.,Analityk/ Analityczka ds. Systemów Informatycznych,2026-03-26,RPA,https://pracodawcy.pracuj.pl/company/20001395,https://www.linkedin.com/search/results/companies/?keywords=J.S.%20Hamilton%20Poland%20Sp.%20z%20o.o.,https://www.linkedin.com/search/results/people/?keywords=IT%20Manager%20J.S.%20Hamilton%20Poland%20Sp.%20z%20o.o.,https://www.linkedin.com/search/results/people/?keywords=Operations%20Manager%20J.S.%20Hamilton%20Poland%20Sp.%20z%20o.o.
DALETO SPÓŁKA Z OGRANICZONĄ ODPOWIEDZIALNOŚCIĄ,WEBCON Developer,2026-03-26,RPA,https://pracodawcy.pracuj.pl/company/1074135834,https://www.linkedin.com/search/results/companies/?keywords=DALETO%20SP%C3%93%C5%81KA%20Z%20OGRANICZON%C4%84%20ODPOWIEDZIALNO%C5%9ACI%C4%84,https://www.linkedin.com/search/results/people/?keywords=IT%20Manager%20DALETO%20SP%C3%93%C5%81KA%20Z%20OGRANICZON%C4%84%20ODPOWIEDZIALNO%C5%9ACI%C4%84,https://www.linkedin.com/search/results/people/?keywords=Operations%20Manager%20DALETO%20SP%C3%93%C5%81KA%20Z%20OGRANICZON%C4%84%20ODPOWIEDZIALNO%C5%9ACI%C4%84
DIGITAL OPERATIONS S.A.,Analityk biznesowy / Analityczka biznesowa systemów informatycznych,2026-03-26,RPA,https://pracodawcy.pracuj.pl/company/20401144,https://www.linkedin.com/search/results/companies/?keywords=DIGITAL%20OPERATIONS%20S.A.,https://www.linkedin.com/search/results/people/?keywords=IT%20Manager%20DIGITAL%20OPERATIONS%20S.A.,https://www.linkedin.com/search/results/people/?keywords=Operations%20Manager%20DIGITAL%20OPERATIONS%20S.A.
Saferoad Restraint Systems Sp. z o.o.,Microsoft 365 / Power Platform Developer,2026-03-26,Power Automate,https://pracodawcy.pracuj.pl/company/20102178,https://www.linkedin.com/search/results/companies/?keywords=Saferoad%20Restraint%20Systems%20Sp.%20z%20o.o.,https://www.linkedin.com/search/results/people/?keywords=IT%20Manager%20Saferoad%20Restraint%20Systems%20Sp.%20z%20o.o.,https://www.linkedin.com/search/results/people/?keywords=Operations%20Manager%20Saferoad%20Restraint%20Systems%20Sp.%20z%20o.o.
Innocap Poland Sp. z o.o.,"Specialist, Power Platform",2026-03-26,Power Automate,https://pracodawcy.pracuj.pl/company/1074107077,https://www.linkedin.com/search/results/companies/?keywords=Innocap%20Poland%20Sp.%20z%20o.o.,https://www.linkedin.com/search/results/people/?keywords=IT%20Manager%20Innocap%20Poland%20Sp.%20z%20o.o.,https://www.linkedin.com/search/results/people/?keywords=Operations%20Manager%20Innocap%20Poland%20Sp.%20z%20o.o.
ROLTEC sp. z o.o.,Młodszy Specjalista IT / Młodszy Inżynier Automatyzacji i Wsparcia Systemów (k/m),2026-03-26,automatyzacja IT,https://pracodawcy.pracuj.pl/company/1074035102,https://www.linkedin.com/search/results/companies/?keywords=ROLTEC%20sp.%20z%20o.o.,https://www.linkedin.com/search/results/people/?keywords=IT%20Manager%20ROLTEC%20sp.%20z%20o.o.,https://www.linkedin.com/search/results/people/?keywords=Operations%20Manager%20ROLTEC%20sp.%20z%20o.o.
WINGED IT SP Z O O,Senior QA Automation Engineer,2026-03-26,automatyzacja IT,https://pracodawcy.pracuj.pl/company/20304703,https://www.linkedin.com/search/results/companies/?keywords=WINGED%20IT%20SP%20Z%20O%20O,https://www.linkedin.com/search/results/people/?keywords=IT%20Manager%20WINGED%20IT%20SP%20Z%20O%20O,https://www.linkedin.com/search/results/people/?keywords=Operations%20Manager%20WINGED%20IT%20SP%20Z%20O%20O
VOLKSWAGEN FINANCIAL SERVICES POLSKA SPÓŁKA Z OGRANICZONĄ ODPOWIEDZIALNOŚCIĄ,Starszy Specjalista/Starsza Specjalistka ds. AI i Automatyzacji,2026-03-26,automatyzacja IT,https://pracodawcy.pracuj.pl/company/1074030554,https://www.linkedin.com/search/results/companies/?keywords=VOLKSWAGEN%20FINANCIAL%20SERVICES%20POLSKA%20SP%C3%93%C5%81KA%20Z%20OGRANICZON%C4%84%20ODPOWIEDZIALNO%C5%9ACI%C4%84,https://www.linkedin.com/search/results/people/?keywords=IT%20Manager%20VOLKSWAGEN%20FINANCIAL%20SERVICES%20POLSKA%20SP%C3%93%C5%81KA%20Z%20OGRANICZON%C4%84%20ODPOWIEDZIALNO%C5%9ACI%C4%84,https://www.linkedin.com/search/results/people/?keywords=Operations%20Manager%20VOLKSWAGEN%20FINANCIAL%20SERVICES%20POLSKA%20SP%C3%93%C5%81KA%20Z%20OGRANICZON%C4%84%20ODPOWIEDZIALNO%C5%9ACI%C4%84
Manpower,Project Engineer/ Engineer Automation (M/K),2026-03-26,automatyzacja IT,https://pracodawcy.pracuj.pl/company/20155508,https://www.linkedin.com/search/results/companies/?keywords=Manpower,https://www.linkedin.com/search/results/people/?keywords=IT%20Manager%20Manpower,https://www.linkedin.com/search/results/people/?keywords=Operations%20Manager%20Manpower
ITP IT PERFORMANCE sp. z o.o.,QA Automation Engineer,2026-03-26,automatyzacja IT,https://pracodawcy.pracuj.pl/company/1074171649,https://www.linkedin.com/search/results/companies/?keywords=ITP%20IT%20PERFORMANCE%20sp.%20z%20o.o.,https://www.linkedin.com/search/results/people/?keywords=IT%20Manager%20ITP%20IT%20PERFORMANCE%20sp.%20z%20o.o.,https://www.linkedin.com/search/results/people/?keywords=Operations%20Manager%20ITP%20IT%20PERFORMANCE%20sp.%20z%20o.o.
IT SQUAD SPÓŁKA Z OGRANICZONĄ ODPOWIEDZIALNOŚCIĄ,QA Automation Engineer,2026-03-26,automatyzacja IT,https://pracodawcy.pracuj.pl/company/1074105182,https://www.linkedin.com/search/results/companies/?keywords=IT%20SQUAD%20SP%C3%93%C5%81KA%20Z%20OGRANICZON%C4%84%20ODPOWIEDZIALNO%C5%9ACI%C4%84,https://www.linkedin.com/search/results/people/?keywords=IT%20Manager%20IT%20SQUAD%20SP%C3%93%C5%81KA%20Z%20OGRANICZON%C4%84%20ODPOWIEDZIALNO%C5%9ACI%C4%84,https://www.linkedin.com/search/results/people/?keywords=Operations%20Manager%20IT%20SQUAD%20SP%C3%93%C5%81KA%20Z%20OGRANICZON%C4%84%20ODPOWIEDZIALNO%C5%9ACI%C4%84
Grafton Recruitment,Administrator sieci przemysłowych (IT/OT) (k/m),2026-03-26,automatyzacja IT,https://pracodawcy.pracuj.pl/company/76,https://www.linkedin.com/search/results/companies/?keywords=Grafton%20Recruitment,https://www.linkedin.com/search/results/people/?keywords=IT%20Manager%20Grafton%20Recruitment,https://www.linkedin.com/search/results/people/?keywords=Operations%20Manager%20Grafton%20Recruitment
NAUTICOM TECHNOLOGY sp. z o.o.,Technik IT,2026-03-26,automatyzacja IT,https://pracodawcy.pracuj.pl/company/20420655,https://www.linkedin.com/search/results/companies/?keywords=NAUTICOM%20TECHNOLOGY%20sp.%20z%20o.o.,https://www.linkedin.com/search/results/people/?keywords=IT%20Manager%20NAUTICOM%20TECHNOLOGY%20sp.%20z%20o.o.,https://www.linkedin.com/search/results/people/?keywords=Operations%20Manager%20NAUTICOM%20TECHNOLOGY%20sp.%20z%20o.o.
PLC Doradztwo Informatyczne,Specjalista / Specjalistka ds. sprzedaży rozwiązań IT,2026-03-26,automatyzacja IT,https://pracodawcy.pracuj.pl/company/18803177,https://www.linkedin.com/search/results/companies/?keywords=PLC%20Doradztwo%20Informatyczne,https://www.linkedin.com/search/results/people/?keywords=IT%20Manager%20PLC%20Doradztwo%20Informatyczne,https://www.linkedin.com/search/results/people/?keywords=Operations%20Manager%20PLC%20Doradztwo%20Informatyczne
INTER-COM sp. z o.o.,Specjalista ds. uruchomień i integracji systemów - branża elektryczna i teletechniczna (+BMS),2026-03-26,integracja systemów,https://pracodawcy.pracuj.pl/company/1074223966,https://www.linkedin.com/search/results/companies/?keywords=INTER-COM%20sp.%20z%20o.o.,https://www.linkedin.com/search/results/people/?keywords=IT%20Manager%20INTER-COM%20sp.%20z%20o.o.,https://www.linkedin.com/search/results/people/?keywords=Operations%20Manager%20INTER-COM%20sp.%20z%20o.o.
CONCEPT 101 SPÓŁKA Z OGRANICZONĄ ODPOWIEDZIALNOŚCIĄ,Specjalista ds. AI i automatyzacji - Vibe Coder,2026-03-25,automatyzacja procesów biznesowych,https://pracodawcy.pracuj.pl/company/1074070345,https://www.linkedin.com/search/results/companies/?keywords=CONCEPT%20101%20SP%C3%93%C5%81KA%20Z%20OGRANICZON%C4%84%20ODPOWIEDZIALNO%C5%9ACI%C4%84,https://www.linkedin.com/search/results/people/?keywords=IT%20Manager%20CONCEPT%20101%20SP%C3%93%C5%81KA%20Z%20OGRANICZON%C4%84%20ODPOWIEDZIALNO%C5%9ACI%C4%84,https://www.linkedin.com/search/results/people/?keywords=Operations%20Manager%20CONCEPT%20101%20SP%C3%93%C5%81KA%20Z%20OGRANICZON%C4%84%20ODPOWIEDZIALNO%C5%9ACI%C4%84
VTS Sp. z o.o.,Lider/ka Transformacji AI,2026-03-25,RPA,https://pracodawcy.pracuj.pl/company/20004698,https://www.linkedin.com/search/results/companies/?keywords=VTS%20Sp.%20z%20o.o.,https://www.linkedin.com/search/results/people/?keywords=IT%20Manager%20VTS%20Sp.%20z%20o.o.,https://www.linkedin.com/search/results/people/?keywords=Operations%20Manager%20VTS%20Sp.%20z%20o.o.
Miele Global Services Sp. z o. o.,Senior O2C Process Improvement Specialist,2026-03-25,RPA,https://pracodawcy.pracuj.pl/company/1074017585,https://www.linkedin.com/search/results/companies/?keywords=Miele%20Global%20Services%20Sp.%20z%20o.%20o.,https://www.linkedin.com/search/results/people/?keywords=IT%20Manager%20Miele%20Global%20Services%20Sp.%20z%20o.%20o.,https://www.linkedin.com/search/results/people/?keywords=Operations%20Manager%20Miele%20Global%20Services%20Sp.%20z%20o.%20o.
GOLDENORE ITC sp. z o.o.,Analityk Biznesowo-Systemowy (projekty migracji danych),2026-03-25,RPA,https://pracodawcy.pracuj.pl/company/1074131794,https://www.linkedin.com/search/results/companies/?keywords=GOLDENORE%20ITC%20sp.%20z%20o.o.,https://www.linkedin.com/search/results/people/?keywords=IT%20Manager%20GOLDENORE%20ITC%20sp.%20z%20o.o.,https://www.linkedin.com/search/results/people/?keywords=Operations%20Manager%20GOLDENORE%20ITC%20sp.%20z%20o.o.
PRETIUS SOFTWARE SP. Z O.O.,Power Platform Developer,2026-03-25,Power Automate,https://pracodawcy.pracuj.pl/company/20298218,https://www.linkedin.com/search/results/companies/?keywords=PRETIUS%20SOFTWARE%20SP.%20Z%20O.O.,https://www.linkedin.com/search/results/people/?keywords=IT%20Manager%20PRETIUS%20SOFTWARE%20SP.%20Z%20O.O.,https://www.linkedin.com/search/results/people/?keywords=Operations%20Manager%20PRETIUS%20SOFTWARE%20SP.%20Z%20O.O.
IT LeasingTeam,Power Platform Engineering Lead,2026-03-25,Power Automate,https://pracodawcy.pracuj.pl/company/20213067,https://www.linkedin.com/search/results/companies/?keywords=IT%20LeasingTeam,https://www.linkedin.com/search/results/people/?keywords=IT%20Manager%20IT%20LeasingTeam,https://www.linkedin.com/search/results/people/?keywords=Operations%20Manager%20IT%20LeasingTeam
Philips,Data Analyst Expert - Power BI (all genders),2026-03-25,Power Automate,https://pracodawcy.pracuj.pl/company/20004553,https://www.linkedin.com/search/results/companies/?keywords=Philips,https://www.linkedin.com/search/results/people/?keywords=IT%20Manager%20Philips,https://www.linkedin.com/search/results/people/?keywords=Operations%20Manager%20Philips
Aon Sp. z o.o.,Client Information Security Associate,2026-03-25,Power Automate,https://pracodawcy.pracuj.pl/company/10103502,https://www.linkedin.com/search/results/companies/?keywords=Aon%20Sp.%20z%20o.o.,https://www.linkedin.com/search/results/people/?keywords=IT%20Manager%20Aon%20Sp.%20z%20o.o.,https://www.linkedin.com/search/results/people/?keywords=Operations%20Manager%20Aon%20Sp.%20z%20o.o.
All for One Poland,Administrator IT (M/K),2026-03-25,Power Automate,https://pracodawcy.pracuj.pl/company/4356905,https://www.linkedin.com/search/results/companies/?keywords=All%20for%20One%20Poland,https://www.linkedin.com/search/results/people/?keywords=IT%20Manager%20All%20for%20One%20Poland,https://www.linkedin.com/search/results/people/?keywords=Operations%20Manager%20All%20for%20One%20Poland
Nexio Management Sp. z o.o.,Administrator SharePoint (m/k/x),2026-03-25,Power Automate,https://pracodawcy.pracuj.pl/company/20012570,https://www.linkedin.com/search/results/companies/?keywords=Nexio%20Management%20Sp.%20z%20o.o.,https://www.linkedin.com/search/results/people/?keywords=IT%20Manager%20Nexio%20Management%20Sp.%20z%20o.o.,https://www.linkedin.com/search/results/people/?keywords=Operations%20Manager%20Nexio%20Management%20Sp.%20z%20o.o.
"BASF CATALYSTS POLSKA"" Sp. z o.o.",Internship: Microsoft 365 Copilot Onboarding & Automation,2026-03-25,automatyzacja IT,https://pracodawcy.pracuj.pl/company/1074124124,https://www.linkedin.com/search/results/companies/?keywords=BASF%20CATALYSTS%20POLSKA%22%20Sp.%20z%20o.o.,https://www.linkedin.com/search/results/people/?keywords=IT%20Manager%20BASF%20CATALYSTS%20POLSKA%22%20Sp.%20z%20o.o.,https://www.linkedin.com/search/results/people/?keywords=Operations%20Manager%20BASF%20CATALYSTS%20POLSKA%22%20Sp.%20z%20o.o.
Pepco – Biuro (Customer Support Center),Automation Developer,2026-03-25,automatyzacja IT,https://pracodawcy.pracuj.pl/company/18801156,https://www.linkedin.com/search/results/companies/?keywords=Pepco%20%E2%80%93%20Biuro%20%28Customer%20Support%20Center%29,https://www.linkedin.com/search/results/people/?keywords=IT%20Manager%20Pepco%20%E2%80%93%20Biuro%20%28Customer%20Support%20Center%29,https://www.linkedin.com/search/results/people/?keywords=Operations%20Manager%20Pepco%20%E2%80%93%20Biuro%20%28Customer%20Support%20Center%29
Energa Informatyka i Technologie Sp. z o.o.,Młodszy Specjalista ds. Monitorowania Usług IT (k/m),2026-03-25,automatyzacja IT,https://pracodawcy.pracuj.pl/company/20100576,https://www.linkedin.com/search/results/companies/?keywords=Energa%20Informatyka%20i%20Technologie%20Sp.%20z%20o.o.,https://www.linkedin.com/search/results/people/?keywords=IT%20Manager%20Energa%20Informatyka%20i%20Technologie%20Sp.%20z%20o.o.,https://www.linkedin.com/search/results/people/?keywords=Operations%20Manager%20Energa%20Informatyka%20i%20Technologie%20Sp.%20z%20o.o.
ESTETIK.PL,Specjalista ds. Systemów i E-commerce (IT / Integracje),2026-03-25,integracja systemów,https://pracodawcy.pracuj.pl/company/1074194165,https://www.linkedin.com/search/results/companies/?keywords=ESTETIK.PL,https://www.linkedin.com/search/results/people/?keywords=IT%20Manager%20ESTETIK.PL,https://www.linkedin.com/search/results/people/?keywords=Operations%20Manager%20ESTETIK.PL
WB Electronics S.A.,Specjalista ds. integracji systemów pojazdów (K/M),2026-03-25,integracja systemów,https://pracodawcy.pracuj.pl/company/20012726,https://www.linkedin.com/search/results/companies/?keywords=WB%20Electronics%20S.A.,https://www.linkedin.com/search/results/people/?keywords=IT%20Manager%20WB%20Electronics%20S.A.,https://www.linkedin.com/search/results/people/?keywords=Operations%20Manager%20WB%20Electronics%20S.A.
Centralny Port Komunikacyjny,Ekspert ds. Integracji Taryfowo-Rozkładowej (K/M),2026-03-25,integracja systemów,https://pracodawcy.pracuj.pl/company/20403330,https://www.linkedin.com/search/results/companies/?keywords=Centralny%20Port%20Komunikacyjny,https://www.linkedin.com/search/results/people/?keywords=IT%20Manager%20Centralny%20Port%20Komunikacyjny,https://www.linkedin.com/search/results/people/?keywords=Operations%20Manager%20Centralny%20Port%20Komunikacyjny
Uniwersytet Mikołaja Kopernika w Toruniu,Referent/Referentka w Kopernikańskim Ośrodku Integracji,2026-03-25,integracja systemów,https://pracodawcy.pracuj.pl/company/20009001,https://www.linkedin.com/search/results/companies/?keywords=Uniwersytet%20Miko%C5%82aja%20Kopernika%20w%20Toruniu,https://www.linkedin.com/search/results/people/?keywords=IT%20Manager%20Uniwersytet%20Miko%C5%82aja%20Kopernika%20w%20Toruniu,https://www.linkedin.com/search/results/people/?keywords=Operations%20Manager%20Uniwersytet%20Miko%C5%82aja%20Kopernika%20w%20Toruniu
CASTORAMA POLSKA,Ekspert / Ekspertka ds. oCRM i integracji (CRM operacyjny),2026-03-25,integracja systemów,https://pracodawcy.pracuj.pl/company/20000459,https://www.linkedin.com/search/results/companies/?keywords=CASTORAMA%20POLSKA,https://www.linkedin.com/search/results/people/?keywords=IT%20Manager%20CASTORAMA%20POLSKA,https://www.linkedin.com/search/results/people/?keywords=Operations%20Manager%20CASTORAMA%20POLSKA
AIUT Sp. z o.o.,Inżynier ds. Wdrożeń i Rozwoju Produktów (k/m),2026-03-25,wdrożenie automatyzacji,https://pracodawcy.pracuj.pl/company/20000408,https://www.linkedin.com/search/results/companies/?keywords=AIUT%20Sp.%20z%20o.o.,https://www.linkedin.com/search/results/people/?keywords=IT%20Manager%20AIUT%20Sp.%20z%20o.o.,https://www.linkedin.com/search/results/people/?keywords=Operations%20Manager%20AIUT%20Sp.%20z%20o.o.
Rossmann SDP,Kierownik Sekcji (Automatyzacji Procesów Biznesowych i Agentów AI) (M/K),2026-03-24,automatyzacja procesów biznesowych,https://pracodawcy.pracuj.pl/company/459,https://www.linkedin.com/search/results/companies/?keywords=Rossmann%20SDP,https://www.linkedin.com/search/results/people/?keywords=IT%20Manager%20Rossmann%20SDP,https://www.linkedin.com/search/results/people/?keywords=Operations%20Manager%20Rossmann%20SDP
CERI International,IT Administrator / IT Administratorka,2026-03-24,RPA,https://pracodawcy.pracuj.pl/company/20111624,https://www.linkedin.com/search/results/companies/?keywords=CERI%20International,https://www.linkedin.com/search/results/people/?keywords=IT%20Manager%20CERI%20International,https://www.linkedin.com/search/results/people/?keywords=Operations%20Manager%20CERI%20International
Bank Millennium S.A.,Analityk Biznesowy / Analityczka Biznesowa w Procesie Kredytowym,2026-03-24,RPA,https://pracodawcy.pracuj.pl/company/3339533,https://www.linkedin.com/search/results/companies/?keywords=Bank%20Millennium%20S.A.,https://www.linkedin.com/search/results/people/?keywords=IT%20Manager%20Bank%20Millennium%20S.A.,https://www.linkedin.com/search/results/people/?keywords=Operations%20Manager%20Bank%20Millennium%20S.A.
Takeda / AIA,Accounting Team Leader,2026-03-24,RPA,https://pracodawcy.pracuj.pl/company/1074226095,https://www.linkedin.com/search/results/companies/?keywords=Takeda%20/%20AIA,https://www.linkedin.com/search/results/people/?keywords=IT%20Manager%20Takeda%20/%20AIA,https://www.linkedin.com/search/results/people/?keywords=Operations%20Manager%20Takeda%20/%20AIA
CLIMATIC sp. z o.o. SPÓŁKA KOMANDYTOWA,Lider / Liderka ds. Procesów i Automatyzacji IT,2026-03-24,RPA,https://pracodawcy.pracuj.pl/company/20004977,https://www.linkedin.com/search/results/companies/?keywords=CLIMATIC%20sp.%20z%20o.o.%20SP%C3%93%C5%81KA%20KOMANDYTOWA,https://www.linkedin.com/search/results/people/?keywords=IT%20Manager%20CLIMATIC%20sp.%20z%20o.o.%20SP%C3%93%C5%81KA%20KOMANDYTOWA,https://www.linkedin.com/search/results/people/?keywords=Operations%20Manager%20CLIMATIC%20sp.%20z%20o.o.%20SP%C3%93%C5%81KA%20KOMANDYTOWA
DATA BY EXAMPLE sp. z o.o.,Programista / Programistka Power Platform,2026-03-24,Power Automate,https://pracodawcy.pracuj.pl/company/1074172311,https://www.linkedin.com/search/results/companies/?keywords=DATA%20BY%20EXAMPLE%20sp.%20z%20o.o.,https://www.linkedin.com/search/results/people/?keywords=IT%20Manager%20DATA%20BY%20EXAMPLE%20sp.%20z%20o.o.,https://www.linkedin.com/search/results/people/?keywords=Operations%20Manager%20DATA%20BY%20EXAMPLE%20sp.%20z%20o.o.
T-Mobile,T Hub - Microsoft Dynamics 365 CE / Power Platform Software Developer,2026-03-24,Power Automate,https://pracodawcy.pracuj.pl/company/20008533,https://www.linkedin.com/search/results/companies/?keywords=T-Mobile,https://www.linkedin.com/search/results/people/?keywords=IT%20Manager%20T-Mobile,https://www.linkedin.com/search/results/people/?keywords=Operations%20Manager%20T-Mobile
Empik S.A.,Senior Marketing Automation Specialist,2026-03-24,automatyzacja IT,https://pracodawcy.pracuj.pl/company/20003428,https://www.linkedin.com/search/results/companies/?keywords=Empik%20S.A.,https://www.linkedin.com/search/results/people/?keywords=IT%20Manager%20Empik%20S.A.,https://www.linkedin.com/search/results/people/?keywords=Operations%20Manager%20Empik%20S.A.
Grupa Kapitałowa Inter Cars,PowerPlatform Automation Developer (k/m/x),2026-03-24,automatyzacja IT,https://pracodawcy.pracuj.pl/company/9863592,https://www.linkedin.com/search/results/companies/?keywords=Grupa%20Kapita%C5%82owa%20Inter%20Cars,https://www.linkedin.com/search/results/people/?keywords=IT%20Manager%20Grupa%20Kapita%C5%82owa%20Inter%20Cars,https://www.linkedin.com/search/results/people/?keywords=Operations%20Manager%20Grupa%20Kapita%C5%82owa%20Inter%20Cars
Holcim Polska S.A,Technik / Techniczka IT ds. systemów,2026-03-24,automatyzacja IT,https://pracodawcy.pracuj.pl/company/20000611,https://www.linkedin.com/search/results/companies/?keywords=Holcim%20Polska%20S.A,https://www.linkedin.com/search/results/people/?keywords=IT%20Manager%20Holcim%20Polska%20S.A,https://www.linkedin.com/search/results/people/?keywords=Operations%20Manager%20Holcim%20Polska%20S.A
Answear.com,"Specjalista / Specjalistka ds. Integracji Systemów (SQL, Intense Platform)",2026-03-24,integracja systemów,https://pracodawcy.pracuj.pl/company/20129530,https://www.linkedin.com/search/results/companies/?keywords=Answear.com,https://www.linkedin.com/search/results/people/?keywords=IT%20Manager%20Answear.com,https://www.linkedin.com/search/results/people/?keywords=Operations%20Manager%20Answear.com
LUX MED Sp. z o.o.,Koordynator/Koordynatorka ds. Integracji i Akredytacji Szpitali,2026-03-24,integracja systemów,https://pracodawcy.pracuj.pl/company/18803855,https://www.linkedin.com/search/results/companies/?keywords=LUX%20MED%20Sp.%20z%20o.o.,https://www.linkedin.com/search/results/people/?keywords=IT%20Manager%20LUX%20MED%20Sp.%20z%20o.o.,https://www.linkedin.com/search/results/people/?keywords=Operations%20Manager%20LUX%20MED%20Sp.%20z%20o.o.
CARITAS POLSKA,Doradczyni/Doradca ds. integracji w Centrum Pomocy Migrantom i Uchodźcom,2026-03-24,integracja systemów,https://pracodawcy.pracuj.pl/company/20220387,https://www.linkedin.com/search/results/companies/?keywords=CARITAS%20POLSKA,https://www.linkedin.com/search/results/people/?keywords=IT%20Manager%20CARITAS%20POLSKA,https://www.linkedin.com/search/results/people/?keywords=Operations%20Manager%20CARITAS%20POLSKA
SOBOTA JACHIRA KANCELARIA PRAWNA SPÓŁKA KOMANDYTOWA,Specjalista / Specjalistka ds. Microsoft Power Platform,2026-03-23,Power Automate,https://pracodawcy.pracuj.pl/company/20436951,https://www.linkedin.com/search/results/companies/?keywords=SOBOTA%20JACHIRA%20KANCELARIA%20PRAWNA%20SP%C3%93%C5%81KA%20KOMANDYTOWA,https://www.linkedin.com/search/results/people/?keywords=IT%20Manager%20SOBOTA%20JACHIRA%20KANCELARIA%20PRAWNA%20SP%C3%93%C5%81KA%20KOMANDYTOWA,https://www.linkedin.com/search/results/people/?keywords=Operations%20Manager%20SOBOTA%20JACHIRA%20KANCELARIA%20PRAWNA%20SP%C3%93%C5%81KA%20KOMANDYTOWA
PIXEL Technology sp. z o.o.,"Przedstawiciel Handlowy / Przedstawicielka Handlowa - Branża IT dla Sektora Medycznego (Radiologia, Teleradiologia, Automatyzacja dystrybucji leków)",2026-03-23,automatyzacja IT,https://pracodawcy.pracuj.pl/company/20213861,https://www.linkedin.com/search/results/companies/?keywords=PIXEL%20Technology%20sp.%20z%20o.o.,https://www.linkedin.com/search/results/people/?keywords=IT%20Manager%20PIXEL%20Technology%20sp.%20z%20o.o.,https://www.linkedin.com/search/results/people/?keywords=Operations%20Manager%20PIXEL%20Technology%20sp.%20z%20o.o.
PODMIOT ZARZĄDZAJĄCY AKTYWAMI SPÓŁKA AKCYJNA,Młodszy Specjalista / Młodsza Specjalistka ds. IT i Automatyzacji,2026-03-23,automatyzacja IT,https://pracodawcy.pracuj.pl/company/1074157689,https://www.linkedin.com/search/results/companies/?keywords=PODMIOT%20ZARZ%C4%84DZAJ%C4%84CY%20AKTYWAMI%20SP%C3%93%C5%81KA%20AKCYJNA,https://www.linkedin.com/search/results/people/?keywords=IT%20Manager%20PODMIOT%20ZARZ%C4%84DZAJ%C4%84CY%20AKTYWAMI%20SP%C3%93%C5%81KA%20AKCYJNA,https://www.linkedin.com/search/results/people/?keywords=Operations%20Manager%20PODMIOT%20ZARZ%C4%84DZAJ%C4%84CY%20AKTYWAMI%20SP%C3%93%C5%81KA%20AKCYJNA
Toshiba Tec Poland s.a.,Konsultant Handlowy – Rozwiązania Workflow i Automatyzacji Procesów (B2B) (k/m),2026-03-23,automatyzacja IT,https://pracodawcy.pracuj.pl/company/20001102,https://www.linkedin.com/search/results/companies/?keywords=Toshiba%20Tec%20Poland%20s.a.,https://www.linkedin.com/search/results/people/?keywords=IT%20Manager%20Toshiba%20Tec%20Poland%20s.a.,https://www.linkedin.com/search/results/people/?keywords=Operations%20Manager%20Toshiba%20Tec%20Poland%20s.a.
Sellpy,Technik Obiektu i IT (Facility & IT Technician),2026-03-23,automatyzacja IT,https://pracodawcy.pracuj.pl/company/1074218937,https://www.linkedin.com/search/results/companies/?keywords=Sellpy,https://www.linkedin.com/search/results/people/?keywords=IT%20Manager%20Sellpy,https://www.linkedin.com/search/results/people/?keywords=Operations%20Manager%20Sellpy
SUNCODE,Młodszy Specjalista / Specjalista ds. wdrożeń (Workflow / Automatyzacja procesów / Integracje systemów),2026-03-23,integracja systemów,https://pracodawcy.pracuj.pl/company/20048876,https://www.linkedin.com/search/results/companies/?keywords=SUNCODE,https://www.linkedin.com/search/results/people/?keywords=IT%20Manager%20SUNCODE,https://www.linkedin.com/search/results/people/?keywords=Operations%20Manager%20SUNCODE
Sunreef Venture S. A.,Projektant 3D / Inżynier Integracji Systemów (k/m),2026-03-23,integracja systemów,https://pracodawcy.pracuj.pl/company/20299149,https://www.linkedin.com/search/results/companies/?keywords=Sunreef%20Venture%20S.%20A.,https://www.linkedin.com/search/results/people/?keywords=IT%20Manager%20Sunreef%20Venture%20S.%20A.,https://www.linkedin.com/search/results/people/?keywords=Operations%20Manager%20Sunreef%20Venture%20S.%20A.
Medicover,Kierownik / Kierowniczka ds. Akwizycji i Integracji Finansowej,2026-03-23,integracja systemów,https://pracodawcy.pracuj.pl/company/5070943,https://www.linkedin.com/search/results/companies/?keywords=Medicover,https://www.linkedin.com/search/results/people/?keywords=IT%20Manager%20Medicover,https://www.linkedin.com/search/results/people/?keywords=Operations%20Manager%20Medicover
Netia,Tester automatyczny (QA Automation Engineer) (k/m),2026-03-20,automatyzacja procesów biznesowych,https://pracodawcy.pracuj.pl/company/17819798,https://www.linkedin.com/search/results/companies/?keywords=Netia,https://www.linkedin.com/search/results/people/?keywords=IT%20Manager%20Netia,https://www.linkedin.com/search/results/people/?keywords=Operations%20Manager%20Netia
CORNING OPTICAL COMMUNICATIONS POLSKA SP. Z O.O.,Inżynierka / Inżynier R&D ds. Komponentów Optycznych i Integracji (Optyka/Fotonika),2026-03-20,integracja systemów,https://pracodawcy.pracuj.pl/company/9707965,https://www.linkedin.com/search/results/companies/?keywords=CORNING%20OPTICAL%20COMMUNICATIONS%20POLSKA%20SP.%20Z%20O.O.,https://www.linkedin.com/search/results/people/?keywords=IT%20Manager%20CORNING%20OPTICAL%20COMMUNICATIONS%20POLSKA%20SP.%20Z%20O.O.,https://www.linkedin.com/search/results/people/?keywords=Operations%20Manager%20CORNING%20OPTICAL%20COMMUNICATIONS%20POLSKA%20SP.%20Z%20O.O.
GRUPA PZU,Menedżerka / Menedżer ds. AI i Technologii Chmurowych,2026-03-19,automatyzacja procesów biznesowych,https://pracodawcy.pracuj.pl/company/18796680,https://www.linkedin.com/search/results/companies/?keywords=GRUPA%20PZU,https://www.linkedin.com/search/results/people/?keywords=IT%20Manager%20GRUPA%20PZU,https://www.linkedin.com/search/results/people/?keywords=Operations%20Manager%20GRUPA%20PZU
OPmobility,Treasury Accountant with German,2026-03-19,RPA,https://pracodawcy.pracuj.pl/company/1074214421,https://www.linkedin.com/search/results/companies/?keywords=OPmobility,https://www.linkedin.com/search/results/people/?keywords=IT%20Manager%20OPmobility,https://www.linkedin.com/search/results/people/?keywords=Operations%20Manager%20OPmobility
VeloBank S.A.,Starsza Specjalistka / Starszy Specjalista w Zespole Zwiększania Efektywności Operacyjnej,2026-03-19,RPA,https://pracodawcy.pracuj.pl/company/20114475,https://www.linkedin.com/search/results/companies/?keywords=VeloBank%20S.A.,https://www.linkedin.com/search/results/people/?keywords=IT%20Manager%20VeloBank%20S.A.,https://www.linkedin.com/search/results/people/?keywords=Operations%20Manager%20VeloBank%20S.A.
H. Cegielski - Fabryka Pojazdów Szynowych Sp. z o.o.,"Specjalista ds. systemów IT (ERP, integracje) (k/m)",2026-03-19,integracja systemów,https://pracodawcy.pracuj.pl/company/20016680,https://www.linkedin.com/search/results/companies/?keywords=H.%20Cegielski%20-%20Fabryka%20Pojazd%C3%B3w%20Szynowych%20Sp.%20z%20o.o.,https://www.linkedin.com/search/results/people/?keywords=IT%20Manager%20H.%20Cegielski%20-%20Fabryka%20Pojazd%C3%B3w%20Szynowych%20Sp.%20z%20o.o.,https://www.linkedin.com/search/results/people/?keywords=Operations%20Manager%20H.%20Cegielski%20-%20Fabryka%20Pojazd%C3%B3w%20Szynowych%20Sp.%20z%20o.o.
Santander Bank Polska,Specjalista(-ka) ds. integracji i utrzymania platformy Workday,2026-03-19,integracja systemów,https://pracodawcy.pracuj.pl/company/282,https://www.linkedin.com/search/results/companies/?keywords=Santander%20Bank%20Polska,https://www.linkedin.com/search/results/people/?keywords=IT%20Manager%20Santander%20Bank%20Polska,https://www.linkedin.com/search/results/people/?keywords=Operations%20Manager%20Santander%20Bank%20Polska
SPIE Building Solutions Sp. z o.o.,Analityk biznesowy / Analityczka biznesowa,2026-03-18,RPA,https://pracodawcy.pracuj.pl/company/18801061,https://www.linkedin.com/search/results/companies/?keywords=SPIE%20Building%20Solutions%20Sp.%20z%20o.o.,https://www.linkedin.com/search/results/people/?keywords=IT%20Manager%20SPIE%20Building%20Solutions%20Sp.%20z%20o.o.,https://www.linkedin.com/search/results/people/?keywords=Operations%20Manager%20SPIE%20Building%20Solutions%20Sp.%20z%20o.o.
U.S.Bank | Elavon,A360 Automation Engineer,2026-03-18,RPA,https://pracodawcy.pracuj.pl/company/20004556,https://www.linkedin.com/search/results/companies/?keywords=U.S.Bank%20%7C%20Elavon,https://www.linkedin.com/search/results/people/?keywords=IT%20Manager%20U.S.Bank%20%7C%20Elavon,https://www.linkedin.com/search/results/people/?keywords=Operations%20Manager%20U.S.Bank%20%7C%20Elavon
LIBER S.A.,Specjalista / specjalistka ds. Integracji Systemów IT,2026-03-18,integracja systemów,https://pracodawcy.pracuj.pl/company/1074164806,https://www.linkedin.com/search/results/companies/?keywords=LIBER%20S.A.,https://www.linkedin.com/search/results/people/?keywords=IT%20Manager%20LIBER%20S.A.,https://www.linkedin.com/search/results/people/?keywords=Operations%20Manager%20LIBER%20S.A.
DSV GBS,RPA Developer (M/F/D),2026-03-17,RPA,https://pracodawcy.pracuj.pl/company/20142272,https://www.linkedin.com/search/results/companies/?keywords=DSV%20GBS,https://www.linkedin.com/search/results/people/?keywords=IT%20Manager%20DSV%20GBS,https://www.linkedin.com/search/results/people/?keywords=Operations%20Manager%20DSV%20GBS
